{
    "anchorpoints": [],
    "portpins": [
        {
            "name": "1",
            "position": [
                9.0,
                -0.09420166737955103,
                -0.4044999999999999
            ],
            "rotation": [
                0.0,
                0.0,
                1.0,
                0.0,
                1.0,
                0.0,
                -1.0,
                -0.0,
                -0.0
            ]
        }
    ],
    "version": 7
}